id,kingdom,phylum,class,order,family,genus,species,pident,evalue,SFX10_2g,SFX10_20g,SFX11_2g,SFX11_20g,SFX1_2g,SFX1_20g,SFX12_2g,SFX12_20g,SFX13_2g,SFX13_20g,SFX14_2g,SFX14_20g,SFX15_2g,SFX15_20g,SFX16_2g,SFX16_20g,SFX17_20g,SFX18_2g,SFX18_20g,SFX19_2g,SFX19_20g,SFX20_2g,SFX20_20g,SFX21_2g,SFX2_2g,SFX22_2g,SFX23_20g,SFX24_2g,SFX24_20g,SFX25_2g,SFX25_20g,SFX26_2g,SFX26_20g,SFX27_2g,SFX27_20g,SFX28_2g,SFX28_20g,SFX29_2g,SFX29_20g,SFX30_2g,SFX30_20g,SFX31_2g,SFX31_20g,SFX3_2g,SFX3_20g,SFX32_2g,SFX32_20g,SFX33_2g,SFX33_20g,SFX34_2g,SFX34_20g,SFX35_2g,SFX35_20g,SFX36_2g,SFX36_20g,SFX37_2g,SFX37_20g,SFX38_2g,SFX38_20g,SFX4_2g,SFX4_20g,SFX5_2g,SFX5_20g,SFX6_2g,SFX6_20g,SFX7_2g,SFX7_20g,SFX8_2g,SFX8_20g,SFX9_2g,SFX9_20g,total_reads,sequence
RSFX_000000001,Metazoa,Chordata,Mammalia,Artiodactyla,Bovidae,Bos,Bos_taurus,100,5.76E-47,0,0,0,4,326,0,1086,0,0,0,0,0,279,0,6,0,0,0,0,0,0,0,0,0,212,0,0,0,0,0,0,7,0,0,0,0,0,0,0,0,0,0,0,645,0,0,0,0,517,0,0,0,0,0,0,0,184,0,0,558,0,12116,0,923352,6968,7526,0,613,0,39,0,954438,actatgcttagccctaaacacagataattacataaacaaaattattcgccagagtactactagcaacagcttaaaactcaaaggacttggcggtgctttatatcctt
RSFX_000000512,Metazoa,Chordata,Aves,Galliformes,Phasianidae,Gallus,Gallus_gallus,100,4.58E-48,4643,0,0,0,0,0,0,3,0,0,0,0,0,0,2,2,0,0,0,0,0,0,0,0,0,0,0,0,0,0,0,0,0,168,0,0,0,0,0,0,0,0,0,258,0,0,0,0,0,5,0,0,0,839,0,0,0,0,0,0,0,0,0,0,0,0,0,0,0,0,0,5920,actatgcctagccctaaatctagatacctcccatcacacatgtatccgcctgagaactacgagcacaaacgcttaaaactctaaggacttggcggtgccccaaacccac
RSFX_000000353,Metazoa,Chordata,Aves,Columbiformes,Columbidae,Columbina,Columbina_picui,100,1.62E-47,0,0,0,0,0,0,0,0,0,0,0,0,0,0,0,0,0,0,0,0,0,0,0,0,0,0,0,0,0,0,0,0,0,0,0,0,0,0,0,0,0,0,0,0,0,57,0,0,0,40,0,0,0,0,0,0,0,0,0,22,0,21,0,2905,0,0,0,0,0,0,0,3045,actatgcctggccctaaatcttgatgcttaccctaccaaagcatccgcccgagaactacgagcacaaacgcttaaaactctaaggacttggcggtgccccaaacccac
RSFX_000000187,Metazoa,Chordata,Mammalia,Primates,Pitheciidae,Plecturocebus,Plecturocebus_cupreus,98.131,1.25E-43,0,0,0,0,0,0,0,0,0,0,0,0,0,0,0,0,0,0,0,0,0,0,0,0,0,0,0,0,0,0,0,0,0,0,0,0,0,0,0,0,0,0,0,0,0,0,0,0,0,0,0,0,0,0,0,2345,0,0,0,0,0,0,0,0,0,0,0,0,0,0,0,2345,actatgcttagccctaaacttcaataacttaattaacaagattattcgccagaacactacaagccacagcttgaaactcaaaggacctggcggtgctttatatcctt
RSFX_000000117,Metazoa,Chordata,Mammalia,Artiodactyla,Tayassuidae,Pecari,Pecari_tajacu,99.057,9.51E-45,0,0,0,0,0,0,0,0,0,0,0,0,0,0,0,0,0,0,0,0,0,0,0,0,0,0,0,0,0,0,0,0,0,0,0,0,0,0,0,0,0,0,0,0,0,0,0,0,0,0,0,0,0,0,0,0,0,1809,0,0,0,0,0,0,0,0,0,0,0,0,0,1809,actatgcctagccctaaacctaaataatcaaccaacaagattattcgccagagtactactagcaacagcctaaaactcaaaggacttggcggtgcttcacatccat
RSFX_000000307,Metazoa,Chordata,Mammalia,Didelphimorphia,Didelphidae,Marmosa,Marmosa_demerarae,100,2.05E-46,0,0,0,0,0,0,0,0,0,0,0,0,0,0,0,0,0,0,0,0,0,0,0,0,0,0,0,0,0,0,0,0,0,0,0,0,0,0,0,0,0,0,0,0,0,0,0,0,0,0,0,0,0,0,0,1714,0,0,0,0,0,0,0,0,0,0,0,0,0,0,0,1714,actatgcttagtcataaactaaaataacttaataacaaagttattcgccagagaactactagcaaccgcttaaaactcaaaggacttggcggtgccctaaacccac
RSFX_000000411,Metazoa,Chordata,Mammalia,Carnivora,Felidae,Felis,Felis_catus,100,1.62E-47,0,0,0,0,0,0,0,0,0,0,0,0,0,0,0,0,0,0,0,0,0,0,0,0,0,0,0,0,0,0,0,0,0,0,0,0,0,0,0,0,0,0,0,0,0,0,0,0,0,0,1641,0,0,0,0,0,0,0,0,0,0,0,0,0,0,0,0,0,0,0,0,1641,actatgcttagccctaaacttagatagttatcctaaacaaaactatccgccagagaactaccagcaacagcttagaactcaaaggacttggcggtgctttacatccct
RSFX_000000087,Metazoa,Chordata,Mammalia,Primates,Atelidae,Alouatta,Genus_Alouatta,96.262,2.70E-40,0,0,0,0,0,0,0,0,0,0,0,0,0,0,0,0,0,0,0,0,0,0,0,0,0,0,0,0,0,0,0,0,0,0,0,0,0,0,0,0,0,0,0,0,0,0,0,0,0,0,0,0,0,1250,0,0,0,0,0,0,0,0,0,0,0,0,0,0,0,0,0,1250,actatgcttagccctaaacctcaataacttaaccaacaaatttattcgccagaacactacaagcaatggcttgaaactcaaaggacctggcggtgctttatatccgt
RSFX_000000933,Metazoa,Chordata,Mammalia,Didelphimorphia,Didelphidae,Philander,Philander_opossum,100,5.76E-47,0,0,0,0,0,0,0,0,0,0,0,0,0,0,0,0,0,0,0,0,0,0,0,0,0,0,0,0,0,0,0,0,0,0,0,0,0,0,0,0,0,0,0,0,0,0,0,0,0,0,0,0,0,0,0,979,0,0,0,0,0,0,0,0,0,0,0,0,0,0,0,979,actatgcttagtaataaactaaaataatttaacaaacaaaattattcgccagagaactactagccattgcttaaaactcaaaggacttggcggtgccctaaacccac
RSFX_000000801,Metazoa,Chordata,Mammalia,Artiodactyla,Bovidae,Bos,Genus_Bos,96.262,2.70E-40,0,0,0,0,0,0,0,0,28,0,0,0,0,0,0,0,0,0,0,0,0,0,0,0,0,0,0,0,0,0,0,0,0,0,0,0,0,0,0,0,0,0,0,0,0,0,0,0,0,0,0,0,0,0,0,0,0,0,0,0,0,0,0,650,0,168,0,0,0,0,0,846,actatgcttaaccctaaacacaaataattgtacaaacaaaattatttgccagagtactaccagcaacagcttaaaactcaaaggacttggcggtgctttataccctt
RSFX_000000956,Metazoa,Chordata,Mammalia,Artiodactyla,Tayassuidae,Tayassu,Tayassu_pecari,100,2.05E-46,0,0,0,0,0,0,0,0,0,0,0,0,0,0,0,0,0,0,0,0,0,0,0,0,0,0,0,0,0,0,0,0,0,506,0,0,0,0,0,0,0,0,0,0,0,0,0,0,0,0,0,0,0,0,0,0,0,0,0,0,0,0,0,0,0,0,0,0,0,0,0,506,actatgcctagccctaaactcaaataattaaccaacaaaattattcgccagggtactactagcaacagcttaaaacccaaaggacttggcggtgcttcatatccat
RSFX_000001030,Metazoa,Chordata,Aves,Passeriformes,Mohoidae,Family_Mohoidae,Family_Mohoidae,93.519,2.72E-35,0,0,0,0,0,0,0,0,0,0,0,0,0,0,0,0,0,0,0,0,0,0,0,0,0,0,0,0,0,0,0,0,0,0,0,0,0,0,0,0,0,0,0,0,0,0,0,0,0,0,0,0,0,0,0,0,0,0,0,0,0,0,0,440,0,0,0,0,0,0,0,440,ctatgcctcgccctaaatcttgatgtttatattacccaaacatccgcctgggaactacgagcacaaacgcttaaaaccctaaggacttggcggtgttccaaacccac
RSFX_000000100,Metazoa,Chordata,Aves,Cuculiformes,Crotophagidae,Crotophaga,Crotophaga_ani,100,4.58E-48,0,0,0,0,0,0,0,0,0,0,0,0,0,0,0,0,0,0,0,0,0,0,0,0,0,0,0,0,0,0,0,0,0,0,0,0,0,0,0,0,0,0,0,0,0,0,0,0,0,0,0,0,0,0,0,0,0,0,0,0,0,0,0,272,0,0,0,0,0,0,0,272,actatgcctggccctaaatctcgatactaccccctaccaaagtatccgcccgagaattacgagcacaaacgcttaaaactctaaggacttggcggtgtcccaaacccac
RSFX_000001191,Metazoa,Chordata,Mammalia,Carnivora,Canidae,Canis,Canis_lupus,100,2.05E-46,0,5,0,18,0,0,0,0,0,0,0,0,0,0,0,0,0,0,0,0,0,0,0,0,0,0,0,0,0,0,0,0,0,0,0,0,0,0,0,0,0,0,0,2,0,0,0,0,0,0,0,0,0,0,0,0,0,0,0,0,0,168,0,0,5,2,2,0,3,0,0,205,actatgcttagccctaaacatagataattttacaacaaaataattcgccagaggactactagcaatagcttaaaactcaaaggacttggcggtgctttatatccct
RSFX_000001203,Metazoa,Chordata,Mammalia,Artiodactyla,Cervidae,Family_Cervidae,Family_Cervidae,94.118,3.52E-34,0,0,0,0,0,0,0,0,0,0,0,31,3,0,0,0,0,0,0,0,0,0,0,0,0,0,0,0,0,0,0,0,0,0,0,0,0,0,0,0,0,0,0,0,0,0,0,0,147,0,0,0,0,0,0,0,0,0,0,0,0,0,0,2,0,0,0,0,0,0,0,183,actatgcttagccctaaacacaaatagttatattaacaagactgttcgccagagtactacatgcagcagcttaaaactcaaaggacttggcggtgctttatagcctt
RSFX_000002791,Metazoa,Chordata,Mammalia,Chiroptera,Phyllostomidae,Phyllostomus,Phyllostomus_discolor,99.065,2.68E-45,0,0,0,0,0,0,0,0,174,0,0,0,0,0,0,0,0,0,0,0,0,0,0,0,0,0,0,0,0,0,0,0,0,0,0,0,0,0,0,0,0,0,0,0,0,0,0,0,0,0,0,0,0,0,0,0,0,0,0,0,0,0,0,0,0,0,0,0,0,0,0,174,actatgctcagccctaaacctaaagaattaacccaacaaaattcttcgccagagtactactagctaaagcttaaaactcaaaggacttggcggtgcttcacatcctt
RSFX_000001603,Metazoa,Chordata,Mammalia,Carnivora,Canidae,Canis,Canis_lupus,99.099,1.69E-47,0,0,0,0,0,0,0,0,0,0,0,0,0,0,0,0,0,0,0,0,0,0,0,0,0,0,0,0,0,0,0,0,0,0,0,0,0,0,0,0,0,0,0,0,0,0,0,0,0,0,0,0,0,0,0,0,0,0,0,0,0,0,0,0,0,126,0,0,0,0,0,126,actatgcttagccctaaacgtaaactgcaaactattccataataaactaattcgcccaagaactactagcaacagcttaaaactcaaaggacttggtggtgctttctaccc
RSFX_000003044,Metazoa,Chordata,Mammalia,Artiodactyla,Suidae,Sus,Sus_scrofa,100,2.05E-46,0,0,2,4,0,0,2,0,10,0,11,0,3,0,7,0,0,0,0,0,0,0,0,0,0,0,0,0,0,0,0,0,0,0,0,0,0,0,0,0,0,2,0,0,0,0,0,0,2,0,0,0,0,0,0,0,0,0,0,2,2,3,0,0,2,0,0,0,0,0,0,52,actatgcctagccctaaacccaaatagttacataacaaaactattcgccagagtactactcgcaactgcctaaaactcaaaggacttggcggtgcttcacatccac
RSFX_000003498,Metazoa,Chordata,Mammalia,Perissodactyla,Equidae,Equus,Equus_caballus,99.074,7.56E-46,0,0,0,0,56,0,0,0,0,0,0,0,0,0,0,0,0,0,0,0,0,0,0,0,0,0,0,0,0,0,0,0,0,0,0,0,0,0,0,0,0,0,0,11,0,0,0,0,0,0,0,0,0,0,0,0,0,0,0,0,0,0,0,0,0,0,0,0,0,0,0,67,actatgcttagccctaaactaaaatagcttaccacaacaaagctattcgccagagtactactagcaacagcctaaaactcaaaggacttggcggtgccttacatccct
RSFX_000003809,Metazoa,Chordata,Mammalia,Perissodactyla,Equidae,Equus,Equus_caballus,99.074,7.56E-46,0,0,0,0,0,0,0,0,0,0,0,0,0,0,0,0,0,0,0,0,0,0,0,0,0,0,0,0,0,0,0,0,0,0,0,0,0,0,0,0,0,0,0,0,62,0,0,0,0,0,0,0,0,0,0,0,0,0,0,0,0,0,0,0,0,0,0,0,0,0,0,62,actatgcttagccctaaaccaaaatagctcatcacaacaaagctattcgccagagtactactagcaacagcctaaaactcaaaggacttggcggtgctttacatccct
RSFX_000002822,Metazoa,Chordata,Mammalia,Cingulata,Chlamyphoridae,Family_Chlamyphoridae,Family_Chlamyphoridae,94.949,3.47E-34,0,0,0,0,0,0,0,0,0,0,0,0,0,0,0,0,0,0,0,0,0,0,0,0,0,0,0,0,0,0,0,0,0,0,0,0,0,0,0,0,0,0,0,0,0,0,0,0,0,0,0,0,0,0,0,0,0,41,0,0,0,0,0,0,0,0,0,0,0,0,0,41,actatgcctagccctaaaccaaaacaatttacaaacaaaattgtttgccagagcactactagcaacagcttaaagctcaaaggacttggcagtgctttacattctt
RSFX_000011166,Metazoa,Chordata,Mammalia,Carnivora,Procyonidae,Nasua,Nasua_nasua,99.074,7.66E-46,0,0,0,0,0,0,0,0,0,0,0,0,0,0,0,0,0,0,0,0,0,0,0,0,0,0,0,0,0,0,0,0,0,0,0,0,0,0,0,0,0,0,0,0,0,0,0,0,0,0,0,0,0,0,0,39,0,0,0,0,0,0,0,0,0,0,0,0,0,0,0,39,actatgcttagccctaaacatagataattttaacataacaaaattgcatgccagagaactactagcaacagcttaaaactcaaaggacttggcggtgctttatatccct
RSFX_000002238,Metazoa,Chordata,Mammalia,Cingulata,Dasypodidae,Dasypus,Dasypus_yepesi,100,2.05E-46,0,0,0,0,0,0,0,0,0,0,0,0,0,0,0,0,0,0,0,0,0,0,0,0,0,0,0,0,0,0,0,0,0,0,0,0,0,0,0,0,0,0,0,0,0,0,0,0,0,0,0,0,0,0,0,0,0,0,0,0,0,0,0,0,0,0,0,0,0,36,0,36,actatgcctagccctaaactaaaacagttcacaaacaaaactgttcgccagagtactactagcaatagcttaaaactcaaaggacttggcggtgctttacatcctt
RSFX_000000242,Metazoa,Chordata,Aves,Passeriformes,Turdidae,Turdus,Turdus_cardis,100,4.58E-48,5,0,0,0,0,0,0,0,0,0,0,0,0,0,2,0,0,0,0,0,0,0,0,2,0,2,0,0,0,0,0,0,0,0,0,0,2,0,0,0,0,0,0,0,0,0,0,0,0,0,2,3,0,0,0,0,0,0,0,0,0,0,0,0,0,2,0,2,0,0,0,22,actatgcctggccctaaatcttgatgctcgatattacctgagcatccgcccgagaactacgagcacaaacgcttaaaactctaaggacttggcggtgctccaaacccac
RSFX_000006460,Metazoa,Chordata,Mammalia,Rodentia,Muridae,Rattus,Rattus_norvegicus,100,5.76E-47,0,0,0,2,0,0,0,0,0,0,0,2,0,0,0,0,0,0,0,0,0,0,0,0,0,0,0,0,0,0,0,0,0,0,0,3,0,8,0,2,0,5,0,0,0,0,0,0,0,0,0,0,0,0,0,0,0,0,0,0,0,0,0,0,3,0,0,0,2,0,0,27,actatgcttagccctaaaccttaataattaaacctacaaaattatttgccagagaactactagctacagcttaaaactcaaaggacttggcggtactttatatccat
RSFX_000010601,Metazoa,Chordata,Mammalia,Artiodactyla,Cervidae,Family_Cervidae,Family_Cervidae,93.458,2.72E-35,0,0,0,0,0,0,0,0,0,0,0,2,0,0,0,0,0,0,0,0,0,0,0,0,0,0,0,0,0,0,0,0,0,0,0,0,0,0,0,0,0,0,0,0,0,0,0,0,24,0,0,0,0,0,0,0,0,0,0,0,0,0,0,0,0,0,0,0,0,0,0,26,actatgcttagccctaaacacaaatagttatattaataagactgttcgccagagtactacatgcagcagcttaaaactcaaaggacttggcggtgctttatatccct
RSFX_000015482,Metazoa,Chordata,Mammalia,Artiodactyla,Bovidae,Bos,Bos_taurus,100,2.07E-57,0,0,0,8,0,0,0,0,0,0,0,0,0,0,0,0,0,0,0,0,0,0,0,0,0,0,0,0,0,0,0,0,0,0,0,0,0,0,0,0,0,0,0,0,0,0,0,0,3,0,0,0,0,0,0,0,0,0,0,0,0,0,0,10,0,0,0,0,0,0,0,21,actatgcttagccctaaacacagataattacataaacaaaattattcgccagagtactactagcaacagcttaaaactcaaaggacttggcggtgctttatatccttctagaggagcctgttctattcgac
RSFX_000028860,Metazoa,Chordata,Mammalia,Artiodactyla,Bovidae,Ovis,Ovis_aries,100,5.76E-47,0,0,6,0,3,0,0,0,0,0,0,0,0,0,0,0,0,0,0,0,0,0,0,0,4,0,0,0,0,0,0,0,0,0,0,0,0,0,0,0,0,0,0,0,0,0,0,0,4,0,0,0,0,0,0,0,0,0,0,0,0,0,0,0,0,0,0,0,0,0,0,17,actatgcttagccctaaacacaaataattataaaaacaaaattattcgccagagtactaccggcaacagcccgaaactcaaaggacttggcggtgctttataccctt
RSFX_000002425,Metazoa,Chordata,Mammalia,Artiodactyla,Bovidae,Bos,Genus_Bos,97.196,7.20E-41,0,0,0,0,0,0,0,0,0,0,0,0,0,0,0,0,0,0,0,0,0,0,0,0,0,0,0,0,0,0,0,0,0,0,0,0,0,0,0,0,0,0,0,0,0,0,0,0,0,0,0,0,0,0,0,0,0,0,0,0,0,0,0,17,0,0,0,0,0,0,0,17,actatgcttagccctaaacacagataattacataaacaaaattattcgccagagtactagcaacagcttaaaactcaaaggacttggcggtgctttatatcctt
RSFX_000017716,Metazoa,Chordata,Mammalia,Chiroptera,Phyllostomidae,Uroderma,Uroderma_magnirostrum,100,4.58E-48,0,0,0,0,0,0,0,0,0,0,0,0,0,0,0,0,0,0,0,0,0,0,0,0,0,0,0,18,0,0,0,0,0,0,0,0,0,0,0,0,0,0,0,0,0,0,0,0,0,0,0,0,0,0,0,0,0,0,0,0,0,0,0,0,0,0,0,0,0,0,0,18,actatgcttagccctaaacctaaagagccttctaataacaaggcccttcgccagagtactactagccaaagcttaaaactcaaaggacttggcggtgctttatatccct
RSFX_000018781,Metazoa,Chordata,Mammalia,Artiodactyla,Bovidae,Bos,Genus_Bos,97.938,4.52E-38,0,0,0,0,0,0,0,0,0,0,0,0,0,0,0,0,0,0,0,0,0,0,0,0,0,0,0,0,0,0,0,0,0,0,0,0,0,0,0,0,0,0,0,0,0,0,0,0,0,0,0,0,0,0,0,0,0,0,0,0,0,0,0,11,0,0,0,0,0,0,0,11,actatgcttagccctaaacacagataattacataaacaaaattattcgccagagtactactagcaacagcttaaaaccctaaggacttggcggtgccccaaacccac
RSFX_000006649,Metazoa,Chordata,Mammalia,Artiodactyla,Bovidae,Family_Bovidae,Family_Bovidae,94.393,5.85E-37,0,0,0,0,0,0,0,0,0,0,0,0,0,0,0,0,0,0,0,0,0,0,0,0,0,0,0,0,0,0,0,0,0,0,0,0,0,0,0,0,0,0,0,0,0,0,0,0,0,0,0,0,0,0,0,0,0,0,0,0,0,0,0,10,0,0,0,0,0,0,0,10,actacacttagccctaaagtcgaatagttacataaacaaaattattcgccagagtactactagcaacagcttaaaactcaaaggacttggcggtgctttatatcctt
RSFX_000003738,Metazoa,Chordata,Mammalia,Artiodactyla,Bovidae,Bos,Genus_Bos,97.143,7.51E-41,0,0,0,0,0,0,0,0,0,0,0,0,0,0,0,0,0,0,0,0,0,0,0,0,0,0,0,0,0,0,0,0,0,0,0,0,0,0,0,0,0,0,0,0,0,0,0,0,0,0,0,0,0,0,0,0,0,0,0,0,0,0,0,2,0,0,0,0,0,0,0,2,actatgcttagccctaaacacagataattacataaacaaaactattcgccagaatactactagcaacagcttaaaactcaaaggacctggcggtgctttatatccct
RSFX_000012454,Metazoa,Chordata,Mammalia,Artiodactyla,Bovidae,Bos,Genus_Bos,96.19,3.49E-39,0,0,0,0,0,0,0,0,0,0,0,0,0,0,0,0,0,0,0,0,0,0,0,0,0,0,0,0,0,0,0,0,0,0,0,0,0,0,0,0,0,0,0,0,0,0,0,0,0,0,0,0,0,0,0,0,0,0,0,0,0,0,0,0,0,0,0,0,0,0,0,0,actatgcttagccctaaacacaaataattacataaacaaaattattcgccagaacactacgagccacagcttaaaactcaaaggacttggcggtgctttatatccct
RSFX_000017704,Metazoa,Chordata,Mammalia,Artiodactyla,Bovidae,Bos,Genus_Bos,96.262,2.70E-40,0,0,0,0,0,0,0,0,0,0,0,0,0,0,0,0,0,0,0,0,0,0,0,0,0,0,0,0,0,0,0,0,0,0,0,0,0,0,0,0,0,0,0,0,0,0,0,0,0,0,0,0,0,0,0,0,0,0,0,0,0,0,0,0,0,0,0,0,0,0,0,0,actatgcttagccctaaacacagatagttacataaacaaaactgttcgccagagtactacgagcaacagcttaaaactcaaaggacttggcggtgctttatatcctt
RSFX_000021471,Metazoa,Chordata,Mammalia,Artiodactyla,Bovidae,Bos,Genus_Bos,96.262,2.70E-40,0,0,0,0,0,0,0,0,0,0,0,0,0,0,0,0,0,0,0,0,0,0,0,0,0,0,0,0,0,0,0,0,0,0,0,0,0,0,0,0,0,0,0,0,0,0,0,0,0,0,0,0,0,0,0,0,0,0,0,0,0,0,0,2,0,0,0,0,0,0,0,2,actatgcttagccctaaacacagataattacctccacaaaattcttcgccagagtactactagcaacagcttaaaactcaaaggacttggcggtgctttatatcctt
RSFX_000028230,Metazoa,Chordata,Mammalia,Artiodactyla,Bovidae,Family_Bovidae,Family_Bovidae,94.949,1.30E-33,0,0,0,0,0,0,0,0,0,0,0,0,0,0,0,0,0,0,0,0,0,0,0,0,0,0,0,0,0,0,0,0,0,0,0,0,0,0,0,0,0,0,0,0,0,0,0,0,0,0,0,0,0,0,0,0,0,0,0,0,0,0,0,2,0,0,0,0,0,0,0,2,actatgcttaaccctaaacacagataattacataaacaaaattattcgccagagtactactagcaccaacgcttaaaactctaaggacttggcggtgccccaaacccac
RSFX_000039477,Metazoa,Chordata,Mammalia,Artiodactyla,Bovidae,Family_Bovidae,Family_Bovidae,94.393,2.07E-36,0,0,0,0,0,0,0,0,0,0,0,0,0,0,0,0,0,0,0,0,0,0,0,0,0,0,0,0,0,0,0,0,0,0,0,0,0,0,0,0,0,0,0,0,0,0,0,0,2,0,0,0,0,0,0,0,0,0,0,0,0,0,0,0,0,0,0,0,0,0,0,2,actatgcttagccctaaacacaatagttacataaacaaaattattcgccagagtactacgagccacagcttaaaactcaaaggacctggcggtgcttcatatccct
RSFX_000059328,Metazoa,Chordata,Mammalia,Artiodactyla,Bovidae,Bos,Genus_Bos,96.19,3.49E-39,0,0,0,0,0,0,0,0,0,0,0,0,0,0,0,0,0,0,0,0,0,0,0,0,0,0,0,0,0,0,0,0,0,0,0,0,0,0,0,0,0,0,0,0,0,0,0,0,0,0,0,0,0,0,0,0,0,0,0,0,0,0,0,2,0,0,0,0,0,0,0,2,actatgcttagccctaaacacaaataattacataaacaaaattactcgccagaatactactagcaacagcttaaaactcaaaggacctggcggtgttttatatccct
RSFX_000070484,Metazoa,Chordata,Mammalia,Rodentia,Muridae,Rattus,Rattus_norvegicus,98.131,1.25E-43,0,0,0,0,0,0,0,0,0,0,0,0,0,0,0,0,0,0,0,0,0,0,0,0,0,0,0,0,0,0,0,0,0,0,0,0,0,0,0,0,0,0,0,0,0,0,0,0,0,0,0,0,0,0,0,0,0,0,0,0,0,0,0,0,0,0,0,0,0,0,0,0,actatgcttagccctaaaccttaataattaaacctacaaaattatttgccagagaactacgagctacagcttaaaactcaaaggacttggcggtgctttatatccat
